{"cameraMode":{"drawMode":0,"name":"Shaded","section":"Shading Mode"},"sceneLighting":true,"audioPlay":false,"sceneViewState":{"m_AlwaysRefresh":false,"showFog":true,"showSkybox":true,"showFlares":true,"showImageEffects":true,"showParticleSystems":true,"showVisualEffectGraphs":true,"m_FxEnabled":true},"in2DMode":false,"pivot":{"x":3.5073275566101076,"y":-0.3748199939727783,"z":1.5561541318893433},"rotation":{"x":-0.18340539932250977,"y":0.061001040041446689,"z":-0.011402583681046963,"w":-0.9810785055160523},"size":17.346269607543947,"orthographic":false}